pair,layout,size,variant,median_ns,lower_ns,upper_ns
BF16_to_F32,blocks,1048576,baseline-r1,580051.6240079366,540720.3946078431,609297.4694444444
BF16_to_F32,blocks,1048576,baseline-r2,485324.40277777775,479881.48333333334,497796.31100981764
BF16_to_F32,blocks,1048576,blocked-r1,491600.97286184214,485949.87298387097,498962.1911764706
BF16_to_F32,blocks,1048576,blocked-r2,486644.6711538462,483012.63383838383,491205.9199324324
BF16_to_F32,contiguous,1048576,baseline-r1,83325.639375,82448.00582750583,85198.11967028235
BF16_to_F32,contiguous,1048576,baseline-r2,91268.82916666666,89987.30084848485,93354.62095238095
BF16_to_F32,contiguous,1048576,blocked-r1,80630.50054112554,79299.9404040404,82620.29090909091
BF16_to_F32,contiguous,1048576,blocked-r2,89139.22,87216.61607142858,91133.08236111111
BF16_to_F32,transposed,1048576,baseline-r1,2403366.833333333,2380122.666666667,2439265.0833333335
BF16_to_F32,transposed,1048576,baseline-r2,2576229.3571428573,2520030.5714285714,2623285.928571428
BF16_to_F32,transposed,1048576,blocked-r1,2425912.375,2402229.25,2456036.4375
BF16_to_F32,transposed,1048576,blocked-r2,2436401.6428571427,2394153.1428571427,2453664.071428572
F16_to_F32,blocks,1048576,baseline-r1,2021361.0,1965653.8333333333,2048124.1666666667
F16_to_F32,blocks,1048576,baseline-r2,1938773.9444444445,1916213.2777777778,1966880.111111111
F16_to_F32,blocks,1048576,blocked-r1,2007899.6666666665,1997200.6666666665,2037914.611111111
F16_to_F32,blocks,1048576,blocked-r2,2007659.2222222222,1966787.6666666665,2053815.7486111098
F16_to_F32,contiguous,1048576,baseline-r1,79437.74764957264,78210.8440087146,82002.60012626262
F16_to_F32,contiguous,1048576,baseline-r2,81440.93530564263,78719.13030303031,83981.14717741936
F16_to_F32,contiguous,1048576,blocked-r1,77509.56416666666,75647.41435185185,79245.60462184873
F16_to_F32,contiguous,1048576,blocked-r2,76246.39285714286,75193.22172172173,77657.49283154123
F16_to_F32,transposed,1048576,baseline-r1,4151651.6,4088702.7,4209557.8
F16_to_F32,transposed,1048576,baseline-r2,4092388.875,4027379.625,4216034.875
F16_to_F32,transposed,1048576,blocked-r1,4044535.4,4009721.0,4097085.5
F16_to_F32,transposed,1048576,blocked-r2,4025162.0,3996006.0,4067151.6
F32_to_BF16,blocks,1048576,baseline-r1,628715.4035087719,616022.9126984127,640001.2333333334
F32_to_BF16,blocks,1048576,baseline-r2,663923.6617647059,648387.6051136364,685150.7297979798
F32_to_BF16,blocks,1048576,blocked-r1,663098.0833333333,649684.2458333333,679826.3357142857
F32_to_BF16,blocks,1048576,blocked-r2,634986.0137254902,627899.5734126985,641431.1950000001
F32_to_BF16,contiguous,1048576,baseline-r1,94798.34278074866,93105.81666666667,98189.07999999999
F32_to_BF16,contiguous,1048576,baseline-r2,97626.75649641576,96103.3492063492,100435.9318007663
F32_to_BF16,contiguous,1048576,blocked-r1,95778.68871252204,92718.26005291006,99973.541005291
F32_to_BF16,contiguous,1048576,blocked-r2,93900.47549019608,91665.43512426902,94664.66282625469
F32_to_BF16,transposed,1048576,baseline-r1,2817250.1428571427,2743441.2142857146,2869435.4285714286
F32_to_BF16,transposed,1048576,baseline-r2,2716414.0,2680228.0,2758252.6428571427
F32_to_BF16,transposed,1048576,blocked-r1,2771265.8571428573,2730715.428571428,2804727.714285714
F32_to_BF16,transposed,1048576,blocked-r2,2822698.8571428573,2736265.9285714286,2993467.4285714286
F32_to_F16,blocks,1048576,baseline-r1,471184.6388888889,467505.01785714284,480186.8020833334
F32_to_F16,blocks,1048576,baseline-r2,469034.7821428571,464864.60407066054,474236.4466783217
F32_to_F16,blocks,1048576,blocked-r1,482954.5603448276,473133.9761904762,496489.3463541666
F32_to_F16,blocks,1048576,blocked-r2,468710.0527777778,462156.9819078947,475472.1066666667
F32_to_F16,contiguous,64,baseline-r1,125.05294168279885,121.61302002077457,126.78775708241996
F32_to_F16,contiguous,64,baseline-r2,123.64437128138151,122.80361300318806,125.04121077577744
F32_to_F16,contiguous,64,blocked-r1,108.9781451598165,108.58804988457368,110.2265275672593
F32_to_F16,contiguous,64,blocked-r2,109.08090381124768,108.46014656023345,111.64533036595608
F32_to_F16,contiguous,1024,baseline-r1,410.08625850724354,408.2862925600564,413.941562650024
F32_to_F16,contiguous,1024,baseline-r2,435.9952016381668,424.2077155824508,461.9263037097379
F32_to_F16,contiguous,1024,blocked-r1,244.29421424452136,230.56122165961432,251.77993079584775
F32_to_F16,contiguous,1024,blocked-r2,210.4686863543788,207.46558363034626,213.70842774100475
F32_to_F16,contiguous,65536,baseline-r1,19122.824494949495,18795.176914983167,19520.506655844154
F32_to_F16,contiguous,65536,baseline-r2,18913.804761904765,18552.85090909091,19358.333404558405
F32_to_F16,contiguous,65536,blocked-r1,6472.905672268907,6260.457770987183,6840.633193277311
F32_to_F16,contiguous,65536,blocked-r2,6932.196186755952,6845.732661732456,7081.98095703125
F32_to_F16,contiguous,1048576,baseline-r1,312717.00505050505,307383.7435897436,318054.0226190476
F32_to_F16,contiguous,1048576,baseline-r2,337369.1846240179,326103.39203612483,348489.6904761905
F32_to_F16,contiguous,1048576,blocked-r1,119197.89659090909,115522.66319444444,125470.22210930684
F32_to_F16,contiguous,1048576,blocked-r2,115390.45,112224.09453781514,117125.42962962962
F32_to_F16,contiguous,8388608,baseline-r1,2592078.2857142854,2547908.8571428573,2613176.4285714286
F32_to_F16,contiguous,8388608,baseline-r2,2566474.5714285714,2539220.1428571427,2593536.0714285714
F32_to_F16,contiguous,8388608,blocked-r1,1533008.5166666666,1494297.8973214286,1603659.8321428571
F32_to_F16,contiguous,8388608,blocked-r2,1592004.3125,1544697.4375,1610288.125
F32_to_F16,transposed,1048576,baseline-r1,2191049.9375,2168842.125,2244743.3125
F32_to_F16,transposed,1048576,baseline-r2,2313231.375,2266747.0875000004,2351740.625
F32_to_F16,transposed,1048576,blocked-r1,2263113.166666667,2200288.5,2495949.9166666665
F32_to_F16,transposed,1048576,blocked-r2,2210330.3125,2137312.8125,2470470.6875
